Subreddits,Summer,Emiliano,Yan,Manny,Savinho,Jimmy,Steph,Final
/r/PhilosophyOfRape,0,0,0,0,0,1,0,0
/r/PussyPass,3,3,3,3,3,0,3,3
/r/mensrights,3,3,3,3,3,3,3,3
/r/theredpill,0,0,0,0,0,0,0,0
/r/redpillwomen,0,0,0,0,0,0,0,0
/r/seduction,4,4,4,4,4,4,4,4
/r/pickup,4,4,4,4,4,4,4,4
/r/askseddit,4,4,4,4,4,4,4,4
/r/f4,4,4,4,4,4,4,4,4
/r/pua,4,4,4,4,4,4,4,4
/r/rsd,4,4,0,4,4,4,4,4
/r/puascience/,4,4,4,4,4,4,4,4
/r/incels,1,1,1,1,1,1,1,1
/r/Braincels,1,1,1,1,1,1,1,1
/r/TheBluePill,5,5,0,5,0,5,5,5
/r/TheRedPill,0,0,0,0,0,0,0,0
/r/marriedredpill,0,0,0,0,0,0,0,0
/r/RedPillWives,0,0,0,0,0,0,0,0
/r/exredpill,5,5,5,5,5,5,5,5
/r/RedPillWomen,0,0,0,0,0,0,0,0
/r/ask0,0,0,0,0,0,0,0,0
/r/RedPillParenting,0,0,0,0,0,0,0,0
/r/thank0,0,0,0,0,0,0,0,0
/r/becomeaman,4,4,0,0,0,4,0,0
/r/alt0,0,0,0,0,0,0,0,0
/r/GEO0,0,0,0,0,0,0,0,0
/r/0OffTopic,0,0,0,0,0,0,0,0
r/askanincel,1,1,1,1,1,1,1,1
r/BlackPillScience,1,1,0,1,0,1,1,1
r/1WithoutHate,1,1,1,1,1,1,1,1
r/ForeverAlone,1,1,2,1,2,1,1,1
r/depression,6,6,6,6,6,6,6,6
r/socialanxiety,6,6,6,6,6,6,6,6
r/SuicideWatch,6,6,6,6,6,6,6,6
/r/MensRightsLinks,3,3,3,3,3,3,3,3
/r/MensRightsLaw,3,3,3,3,3,3,3,3
/r/Lady3s,3,3,3,3,3,3,3,3
/r/MRRef,3,3,3,3,3,3,3,3
/r/3ctivism,3,3,3,3,3,3,3,3
/r/masculism/,3,3,3,3,3,3,3,3
/r/Intactivists/,3,3,3,3,3,3,3,3
/r/Egalitarianism/,3,3,0,3,0,3,3,3
r/Gold_Digger,0,2,0,2,0,2,2,2
r/MgtowMusic,2,2,2,2,2,2,2,2
r/MgtowBooks,2,2,2,2,2,2,2,2
r/2,2,2,2,2,2,2,2,2
/r/Malecels,1,1,1,1,1,1,1,1
/r/MaleForeverAlone,1,1,2,1,2,1,1,1
/r/1ncels,1,1,1,1,1,1,1,1
/r/1Purgatory,1,1,1,1,1,1,1,1
/r/Truecels,1,1,1,1,1,1,1,1
/r/IncelBrotherhood,1,1,1,1,1,1,1,1
/r/1Purgatory,1,1,1,1,1,1,1,1
/r/LonelyNonViolentMen,1,1,1,1,1,1,1,1
/r/Foreveraloneteens,1,1,1,1,1,1,1,1
/r/ForeverAloneLondon,1,1,1,1,1,1,1,1
/r/gaycel,1,1,1,1,1,1,1,1
/r/incelselfies,1,1,1,1,1,1,1,1
/r/gymcels,1,1,1,1,1,1,1,1
/r/ForeverUnwanted,1,1,1,1,1,1,1,1
/r/IncelDense,1,1,1,1,1,1,1,1
/r/SupportCel,1,1,1,1,1,1,1,1
/r/ForeverAloneDating,1,1,1,1,1,1,1,1
/r/Truefemcels,1,1,1,1,1,1,1,1
/r/IncelTears,1,1,1,1,1,1,1,1