Source,Subreddit,Category after majority agreement,# of Threads,# of posts,# of Users,Min. Date,Max Date
https://rationalwiki.org/wiki/Manosphere,/r/PhilosophyOfRape,TRP,105,339,"1,116",2014-09-28,2015-06-28
https://rationalwiki.org/wiki/Manosphere,/r/PussyPass,MRA,"9,096","21,198","112,416",2013-02-27,2019-04-30
https://rationalwiki.org/wiki/Manosphere,/r/MensRights,MRA,"221,528","197,034","4,498,703",2008-03-20,2019-04-30
https://snoopsnoo.com/subreddits/lifestyle/relationships/seduction/,/r/seduction,PUA,"174,184","159,010","1,721,147",2008-04-08,2019-04-30
https://snoopsnoo.com/subreddits/lifestyle/relationships/seduction/,/r/pickup,PUA,"2,049","2,191","8,360",2016-11-20,2019-04-30
https://snoopsnoo.com/subreddits/lifestyle/relationships/seduction/,/r/askseddit,PUA,"47,301","31,823","295,289",2011-02-08,2019-04-30
https://snoopsnoo.com/subreddits/lifestyle/relationships/seduction/,/r/fPUA,PUA,"1,220","1,942","10,868",2011-06-16,2019-04-26
https://snoopsnoo.com/subreddits/lifestyle/relationships/seduction/,/r/pua,PUA,572,618,"1,403",2008-12-08,2017-07-17
https://blog.paulrosenzweig.com/explore-reddit/r/askseddit,/r/rsd,PUA,"2,854",587,"4,211",2012-09-21,2019-04-30
https://blog.paulrosenzweig.com/explore-reddit/r/askseddit,/r/puascience/,PUA,28,8,35,2014-04-08,2017-09-13
https://rationalwiki.org/wiki/Incel,/r/Incels,Incels,"57,344","39,131","1,186,285",2014-01-04,2017-11-03
https://rationalwiki.org/wiki/Incel,/r/Braincels,Incels,"175,709","51,444","2,830,522",2017-10-21,2019-04-30
/r/PurplePillDebate/,/r/TheRedPill,TRP,"108,608","116,335","3,039,708",2012-10-25,2019-04-30
/r/TheBluePill,/r/marriedredpill,TRP,"6,608","7,587","206,061",2014-06-30,2019-04-30
/r/TheBluePill,/r/RedPillWives,TRP,"2,168","1,607","40,175",2016-03-31,2019-04-30
 /r/TheRedPill,/r/RedPillWomen,TRP,"13,461","15,391","287,464",2013-06-17,2019-04-30
 /r/TheRedPill,/r/askTRP,TRP,"137,876","61,603","1,694,877",2013-08-02,2019-04-30
 /r/TheRedPill,/r/RedPillParenting,TRP,102,401,999,2014-05-21,2019-03-27
 /r/TheRedPill,/r/thankTRP,TRP,561,836,"2,287",2014-01-31,2019-04-10
 /r/TheRedPill,/r/becomeaman,TRP,"2,193","2,712","9,381",2013-01-14,2019-04-30
 /r/TheRedPill,/r/altTRP,TRP,196,273,"1,257",2014-04-23,2019-04-06
 /r/TheRedPill,/r/GEOTRP,TRP,139,134,350,2015-01-08,2018-12-05
 /r/TheRedPill,/r/TRPOffTopic,TRP,656,788,"2,462",2014-06-03,2019-04-17
/r/Braincels,r/askanincel,Incels,"1,185","1,701","39,799",2018-11-30,2019-04-30
/r/Braincels,r/BlackPillScience,Incels,769,"1,364","9,048",2018-03-29,2019-04-30
/r/Braincels,r/IncelsWithoutHate,Incels,"6,878","7,142","163,807",2017-04-09,2019-04-30
/r/Braincels,r/ForeverAlone,Incels,"118,277","86,671","1,920,563",2010-09-15,2019-04-30
/r/MensRights,/r/MensRightsLinks,MRA,492,164,877,2010-03-12,2019-04-02
/r/MensRights,/r/MensRightsLaw,MRA,190,217,548,2011-02-24,2019-04-24
/r/MensRights,/r/LadyMRAs,MRA,492,800,"5,428",2012-04-27,2019-04-21
/r/MensRights,/r/MRRef,MRA,323,107,483,2011-08-04,2019-02-19
/r/MensRights,/r/MRActivism,MRA,557,181,903,2012-05-27,2019-04-04
/r/MensRights,/r/masculism/,MRA,"1,341","1,889","15,556",2011-09-17,2019-04-30
/r/MensRights,/r/Intactivists/,MRA,"4,856","2,362","29,961",2011-05-22,2019-04-30
/r/MensRights,/r/Egalitarianism/,MRA,"1,937","3,108","26,497",2011-04-05,2019-04-30
/r/MGTOW,r/Gold_Digger,MGTOW,241,74,435,2018-08-05,2019-04-24
/r/MGTOW,r/MgtowMusic,MGTOW,764,286,"1,064",2014-10-12,2019-04-28
/r/MGTOW,r/MgtowBooks,MGTOW,94,91,216,2014-10-12,2019-04-08
/r/MGTOW,r/MGTOW,MGTOW,"198,844","85,237","3,727,087",2011-06-04,2019-04-30
https://www.reddit.com/r/AgainstHateSubreddits/comments/8eh5hv/list_of_known_incel_subs/,/r/Malecels,Incels,-,-,-,-,-
https://www.reddit.com/r/AgainstHateSubreddits/comments/8eh5hv/list_of_known_incel_subs/,/r/MaleForeverAlone,Incels,619,832,"6,306",2017-12-15,2018-05-31
https://incels.wiki/w/Battle_of_Incelistan,/r/1ncels,Incels,-,-,-,-,-
https://incels.wiki/w/Battle_of_Incelistan,/r/IncelsPurgatory,Incels,-,-,-,-,-
https://incels.wiki/w/Battle_of_Incelistan,/r/Truecels,Incels,364,715,"6,121",2015-12-22,2016-05-31
https://incels.wiki/w/Battle_of_Incelistan,/r/IncelBrotherhood,Incels,-,-,-,-,-
https://incels.wiki/w/Battle_of_Incelistan,/r/LonelyNonViolentMen,Incels,-,-,-,-,-
https://incels.wiki/w/index.php?search=subreddit&title=Special%3ASearch&go=Go,/r/Foreveraloneteens,Incels,319,451,"2,077",2011-11-13,2019-04-16
https://incels.wiki/w/index.php?search=subreddit&title=Special%3ASearch&go=Go,/r/ForeverAloneLondon,Incels,18,20,57,2013-01-10,2019-01-01
https://incels.wiki/w/index.php?search=subreddit&title=Special%3ASearch&go=Go,/r/gaycel,Incels,19,44,117,2014-02-23,2018-10-19
https://incels.wiki/w/index.php?search=subreddit&title=Special%3ASearch&go=Go,/r/incelselfies,Incels,"4,051","7,058","60,988",2018-07-25,2019-04-30
https://incels.wiki/w/index.php?search=subreddit&title=Special%3ASearch&go=Go,/r/gymcels,Incels,197,297,"1,430",2018-03-08,2019-04-30
https://incels.wiki/w/index.php?search=subreddit&title=Special%3ASearch&go=Go,/r/ForeverUnwanted,Incels,"1,890","1,137","24,855",2016-02-02,2018-04-01
https://incels.wiki/w/index.php?search=subreddit&title=Special%3ASearch&go=Go,/r/IncelDense,Incels,248,389,"2,058",2018-06-09,2019-04-21
https://incels.wiki/w/index.php?search=subreddit&title=Special%3ASearch&go=Go,/r/SupportCel,Incels,343,475,"6,095",2017-10-04,2019-01-10
https://incels.wiki/w/index.php?search=subreddit&title=Special%3ASearch&go=Go,/r/ForeverAloneDating,Incels,"51,559","27,461","153,020",2011-03-18,2019-04-30
https://incels.wiki/w/index.php?search=subreddit&title=Special%3ASearch&go=Go,/r/Truefemcels,Incels,30,96,311,2018-09-23,2019-04-29